<eml:eml xmlns:eml="eml://ecoinformatics.org/eml-2.1.1"
         xmlns:dc="http://purl.org/dc/terms/"
         xmlns:xsi="http://www.w3.org/2001/XMLSchema-instance"
         xsi:schemaLocation="eml://ecoinformatics.org/eml-2.1.1 http://rs.gbif.org/schema/eml-gbif-profile/1.1/eml.xsd"
         packageId="7e3a2242-46d6-4b90-b80c-42c5d27ed93b/v2.12" system="http://gbif.org" scope="system"
         xml:lang="spa">

<dataset>
  <alternateIdentifier>doi:10.15472/numrso</alternateIdentifier>
  <alternateIdentifier>7e3a2242-46d6-4b90-b80c-42c5d27ed93b</alternateIdentifier>
  <alternateIdentifier>https://ipt.biodiversidad.co/sib/resource?r=ictiofauna_colombiana_dulceacuicola</alternateIdentifier>
  <title xml:lang="spa">Lista de especies de peces de agua dulce de Colombia / Checklist of the freshwater fishes of Colombia</title>
      <creator>
    <individualName>
        <givenName>Carlos</givenName>
      <surName>DoNascimiento</surName>
    </individualName>
    <organizationName>Instituto de Investigación de Recursos Biológicos Alexander von Humboldt</organizationName>
    <positionName>Curador</positionName>
    <address>
        <city>Villa de Leyva</city>
        <administrativeArea>Boyacá</administrativeArea>
        <country>CO</country>
    </address>
    <electronicMailAddress>cdonascimiento@humboldt.org.co</electronicMailAddress>
      </creator>
      <creator>
    <individualName>
        <givenName>Edgar Esteban</givenName>
      <surName>Herrera Collazos</surName>
    </individualName>
    <organizationName>Laboratorio de Ictiología, Departamento de Biología, Facultad de Ciencias, Pontificia Universidad Javeriana</organizationName>
    <address>
        <deliveryPoint>Carrera 7 N° 43-82</deliveryPoint>
        <city>Bogotá</city>
        <administrativeArea>Bogotá</administrativeArea>
        <country>CO</country>
    </address>
    <electronicMailAddress>edgarestebanhc@gmail.com</electronicMailAddress>
          <userId directory="https://www.linkedin.com/profile/view?id=">edgar-esteban-herrera-collazos-71540638</userId>
      </creator>
      <creator>
    <individualName>
        <givenName>Javier A.</givenName>
      <surName>Maldonado-Ocampo</surName>
    </individualName>
    <organizationName>Departamento de Biología, Facultad de Ciencias, Pontificia Universidad Javeriana</organizationName>
    <positionName>Director</positionName>
    <address>
        <deliveryPoint>Carrera 7 N° 43-82</deliveryPoint>
        <city>Bogotá</city>
        <administrativeArea>Bogotá</administrativeArea>
        <country>CO</country>
    </address>
    <electronicMailAddress>maldonadoj@javeriana.edu.co</electronicMailAddress>
          <userId directory="http://orcid.org/">0000-0003- 3024-237X</userId>
      </creator>
      <metadataProvider>
    <individualName>
        <givenName>Carlos</givenName>
      <surName>DoNascimiento</surName>
    </individualName>
    <organizationName>Instituto de Investigación de Recursos Biológicos Alexander von Humboldt</organizationName>
    <positionName>Curador</positionName>
    <address>
        <city>Villa de Leyva</city>
        <administrativeArea>Boyacá</administrativeArea>
        <country>CO</country>
    </address>
    <electronicMailAddress>cdonascimiento@humboldt.org.co</electronicMailAddress>
      </metadataProvider>
      <metadataProvider>
    <individualName>
        <givenName>Edgar Esteban</givenName>
      <surName>Herrera-Collazos</surName>
    </individualName>
    <organizationName>Laboratorio de Ictiología, Departamento de Biología, Facultad de Ciencias, Pontificia Universidad Javeriana</organizationName>
    <address>
        <deliveryPoint>Carrera 7 N° 43-82</deliveryPoint>
        <city>Bogota</city>
        <administrativeArea>Bogota</administrativeArea>
        <country>CO</country>
    </address>
    <electronicMailAddress>edgarestebanhc@gmail.com</electronicMailAddress>
          <userId directory="https://www.linkedin.com/profile/view?id=">edgar-esteban-herrera-collazos-71540638</userId>
      </metadataProvider>
      <metadataProvider>
    <individualName>
        <givenName>Javier A.</givenName>
      <surName>Maldonado-Ocampo</surName>
    </individualName>
    <organizationName>Departamento de Biología, Facultad de Ciencias, Pontificia Universidad Javeriana</organizationName>
    <positionName>Director</positionName>
    <address>
        <deliveryPoint>Carrera 7 N° 43-82</deliveryPoint>
        <city>Bogotá</city>
        <administrativeArea>Bogotá</administrativeArea>
        <country>CO</country>
    </address>
    <electronicMailAddress>maldonadoj@javeriana.edu.co</electronicMailAddress>
          <userId directory="http://orcid.org/">0000-0003- 3024-237X</userId>
      </metadataProvider>
      <associatedParty>
    <individualName>
        <givenName>Carlos</givenName>
      <surName>DoNascimiento</surName>
    </individualName>
    <organizationName>Instituto de Investigación de Recursos Biológicos Alexander von Humboldt</organizationName>
    <positionName>Curador</positionName>
    <address>
        <city>Villa de Leyva</city>
        <administrativeArea>Boyacá</administrativeArea>
        <country>CO</country>
    </address>
    <electronicMailAddress>cdonascimiento@humboldt.org.co</electronicMailAddress>
    <role>author</role>
      </associatedParty>
      <associatedParty>
    <individualName>
        <givenName>Edgar Esteban</givenName>
      <surName>Herrera-Collazos</surName>
    </individualName>
    <organizationName>Laboratorio de Ictiología, Departamento de Biología, Facultad de Ciencias, Pontificia Universidad Javeriana</organizationName>
    <address>
        <deliveryPoint>Carrera 7 N° 43-82</deliveryPoint>
        <city>Bogotá</city>
        <administrativeArea>Bogotá</administrativeArea>
        <country>CO</country>
    </address>
    <electronicMailAddress>edgarestebanhc@gmail.com</electronicMailAddress>
          <userId directory="https://www.linkedin.com/profile/view?id=">edgar-esteban-herrera-collazos-71540638</userId>
    <role>author</role>
      </associatedParty>
      <associatedParty>
    <individualName>
        <givenName>Guido</givenName>
      <surName>Herrera-R</surName>
    </individualName>
    <organizationName>Université Paul Sabatier, Laboratoire Evolution &amp; Diversité Biologique</organizationName>
    <positionName>Estudiante</positionName>
    <address>
        <deliveryPoint>118 route de Narbonne, F-31062</deliveryPoint>
        <country>FR</country>
    </address>
    <electronicMailAddress>guidohero@hotmail.com</electronicMailAddress>
    <role>author</role>
      </associatedParty>
      <associatedParty>
    <individualName>
        <givenName>Armando</givenName>
      <surName>Ortega-Lara</surName>
    </individualName>
    <organizationName>Grupo de Investigación en Peces Neotropicales, Fundación para la Investigación y el Desarrollo Sostenible (FUNINDES)</organizationName>
    <positionName>Curador</positionName>
    <address>
        <city>Cali</city>
        <administrativeArea>Valle del Cauca</administrativeArea>
        <country>CO</country>
    </address>
    <electronicMailAddress>ictiologortega@gmail.com</electronicMailAddress>
    <role>author</role>
      </associatedParty>
      <associatedParty>
    <individualName>
        <givenName>Francisco A.</givenName>
      <surName>Villa-Navarro</surName>
    </individualName>
    <organizationName>Universidad del Tolima, Facultad de Ciencias, Grupo de Investigación en Zoología</organizationName>
    <positionName>Curador</positionName>
    <address>
        <deliveryPoint>Calle 20 sur N° 23A-144</deliveryPoint>
        <city>Ibagué</city>
        <administrativeArea>Tolima</administrativeArea>
        <country>CO</country>
    </address>
    <electronicMailAddress>favilla@ut.edu.co</electronicMailAddress>
    <role>author</role>
      </associatedParty>
      <associatedParty>
    <individualName>
        <givenName>José Saulo</givenName>
      <surName>Usma Oviedo</surName>
    </individualName>
    <organizationName>Programa Ecosistemas de Agua Dulce de WWF Colombia</organizationName>
    <address>
        <city>Cali</city>
        <administrativeArea>Valle del Cauca</administrativeArea>
        <country>CO</country>
    </address>
    <electronicMailAddress>jsusma@wwf.org.co</electronicMailAddress>
    <role>author</role>
      </associatedParty>
      <associatedParty>
    <individualName>
        <givenName>Javier A.</givenName>
      <surName>Maldonado-Ocampo</surName>
    </individualName>
    <organizationName>Departamento de Biología, Facultad de Ciencias, Pontificia Universidad Javeriana</organizationName>
    <positionName>Director</positionName>
    <address>
        <deliveryPoint>Carrera 7 N° 43-82</deliveryPoint>
        <city>Bogotá</city>
        <administrativeArea>Bogotá</administrativeArea>
        <country>CO</country>
    </address>
    <electronicMailAddress>maldonadoj@javeriana.edu.co</electronicMailAddress>
    <role>author</role>
      </associatedParty>
  <pubDate>
      2020-12-22
  </pubDate>
  <language>spa</language>
  <abstract>
    <para>La presente lista consiste en la actualización del conjunto de datos que compone la Lista de Especies de Peces de Agua Dulce de Colombia, publicada en noviembre de 2017, en la revista Zookeys (https://zookeys.pensoft.net/articles.php?id=13897). Esta es la versión 2.12 y se aclara que se actualizaron los metadatos y toda la taxonomía de las especies que componen la lista; en la versión 2.11 se agregan 60 taxa y se ajustan metadatos de la publicación respecto a la actualización taxonómica; en la versión 2.10 se encuentra alocada la primer actualización de la lista, también se aclara que en la versión 2.6 se realizó “Actualización metadatos: Subtipo del recurso”, en la 2.7 “Actualización metadatos: palabras clave”, en la 2.8 “Actualización de Logo” y en la 2.9 &quot;Actualización taxonómica, geográfica y en los metadatos&quot;. La presente actualización se desarrolló a través de: 1. Adicionar especies nuevas descritas desde la última actualizaciòn y especies descritas originalmente para Colombia, pero inadvertidamente omitidas en 2017; 2. Adicionar nuevos registros de especies ya descritas; 3. Eliminar especies cuya presencia en Colombia se descarta como resultado de revisiones taxonómicas y sistemáticas posteriores a la última actualización; y 4. Revisión de la distribución geográfica de las especies listadas, con el fin de adicionar o eliminar registros en cada una de las zonas hidrográficas. Este proceso de revisión y depuración resultó en las siguientes cifras: 1. Número total de especies de peces de agua dulce para Colombia 1610; 2. Número de especies registradas por región hidrográfica, Amazonas: 775, Orinoco: 728, Magdalena-Cauca: 233, Caribe: 231, Pacífico: 128; 3. Número de especies endémicas 401.</para>
  </abstract>
      <keywordSet>
            <keyword>Checklist</keyword>
        <keywordThesaurus>GBIF Dataset Type Vocabulary: http://rs.gbif.org/vocabulary/gbif/dataset_type.xml</keywordThesaurus>
      </keywordSet>
      <keywordSet>
            <keyword>Taxonomic Authority</keyword>
        <keywordThesaurus>GBIF Dataset Subtype Vocabulary: http://rs.gbif.org/vocabulary/gbif/dataset_subtype.xml</keywordThesaurus>
      </keywordSet>
      <keywordSet>
            <keyword>aquatic ecosystems</keyword>
            <keyword>conservation</keyword>
            <keyword>endemic</keyword>
            <keyword>richness</keyword>
            <keyword>South America</keyword>
            <keyword>null</keyword>
        <keywordThesaurus>N/A</keywordThesaurus>
      </keywordSet>
      <keywordSet>
            <keyword>ecosistemas acuáticos</keyword>
            <keyword>conservación</keyword>
            <keyword>endemismos</keyword>
            <keyword>riqueza</keyword>
            <keyword>América del Sur</keyword>
        <keywordThesaurus>N/A</keywordThesaurus>
      </keywordSet>
  <intellectualRights>
    <para>This work is licensed under a <ulink url="http://creativecommons.org/licenses/by/4.0/legalcode"><citetitle>Creative Commons Attribution (CC-BY) 4.0 License</citetitle></ulink>.</para>
  </intellectualRights>
  <distribution scope="document">
    <online>
      <url function="information">http://www.acictios.org/listado-de-peces-de-agua-dulce-de-colombia/</url>
    </online>
  </distribution>
  <coverage>
      <geographicCoverage>
          <geographicDescription>Todas las Zonas Hidrográficas de Colombia: Amazonas, Orinoco, Caribe, Magdalena-Cauca y Pacífico (IDEAM 2015).</geographicDescription>
        <boundingCoordinates>
          <westBoundingCoordinate>-78.838</westBoundingCoordinate>
          <eastBoundingCoordinate>-67.061</eastBoundingCoordinate>
          <northBoundingCoordinate>12.555</northBoundingCoordinate>
          <southBoundingCoordinate>-4.478</southBoundingCoordinate>
        </boundingCoordinates>
      </geographicCoverage>
          <temporalCoverage>
                <singleDateTime>
                  <calendarDate>2008</calendarDate>
                </singleDateTime>
          </temporalCoverage>
          <taxonomicCoverage>
              <generalTaxonomicCoverage>De los 1610 taxa disponibles, 12 se encuentran a nivel de género y los restantes se encuentran a nivel de especie. La totalidad de los registros se encuentran clasificados en 3 clases, 16 órdenes, 56 familias y 437 géneros diferentes.</generalTaxonomicCoverage>
              <taxonomicClassification>
                  <taxonRankName>family</taxonRankName>
                <taxonRankValue>Acestrorhynchidae</taxonRankValue>
              </taxonomicClassification>
              <taxonomicClassification>
                  <taxonRankName>family</taxonRankName>
                <taxonRankValue>Achiridae</taxonRankValue>
              </taxonomicClassification>
              <taxonomicClassification>
                  <taxonRankName>family</taxonRankName>
                <taxonRankValue>Anostomidae</taxonRankValue>
              </taxonomicClassification>
              <taxonomicClassification>
                  <taxonRankName>family</taxonRankName>
                <taxonRankValue>Apteronotidae</taxonRankValue>
              </taxonomicClassification>
              <taxonomicClassification>
                  <taxonRankName>family</taxonRankName>
                <taxonRankValue>Ariidae</taxonRankValue>
              </taxonomicClassification>
              <taxonomicClassification>
                  <taxonRankName>family</taxonRankName>
                <taxonRankValue>Aspredinidae</taxonRankValue>
              </taxonomicClassification>
              <taxonomicClassification>
                  <taxonRankName>family</taxonRankName>
                <taxonRankValue>Astroblepidae</taxonRankValue>
              </taxonomicClassification>
              <taxonomicClassification>
                  <taxonRankName>family</taxonRankName>
                <taxonRankValue>Auchenipteridae</taxonRankValue>
              </taxonomicClassification>
              <taxonomicClassification>
                  <taxonRankName>family</taxonRankName>
                <taxonRankValue>Batrachoididae</taxonRankValue>
              </taxonomicClassification>
              <taxonomicClassification>
                  <taxonRankName>family</taxonRankName>
                <taxonRankValue>Belonidae</taxonRankValue>
              </taxonomicClassification>
              <taxonomicClassification>
                  <taxonRankName>family</taxonRankName>
                <taxonRankValue>Bryconidae</taxonRankValue>
              </taxonomicClassification>
              <taxonomicClassification>
                  <taxonRankName>family</taxonRankName>
                <taxonRankValue>Callichthyidae</taxonRankValue>
              </taxonomicClassification>
              <taxonomicClassification>
                  <taxonRankName>family</taxonRankName>
                <taxonRankValue>Cetopsidae</taxonRankValue>
              </taxonomicClassification>
              <taxonomicClassification>
                  <taxonRankName>family</taxonRankName>
                <taxonRankValue>Chalceidae</taxonRankValue>
              </taxonomicClassification>
              <taxonomicClassification>
                  <taxonRankName>family</taxonRankName>
                <taxonRankValue>Characidae</taxonRankValue>
              </taxonomicClassification>
              <taxonomicClassification>
                  <taxonRankName>family</taxonRankName>
                <taxonRankValue>Chilodontidae</taxonRankValue>
              </taxonomicClassification>
              <taxonomicClassification>
                  <taxonRankName>family</taxonRankName>
                <taxonRankValue>Cichlidae</taxonRankValue>
              </taxonomicClassification>
              <taxonomicClassification>
                  <taxonRankName>family</taxonRankName>
                <taxonRankValue>Crenuchidae</taxonRankValue>
              </taxonomicClassification>
              <taxonomicClassification>
                  <taxonRankName>family</taxonRankName>
                <taxonRankValue>Ctenoluciidae</taxonRankValue>
              </taxonomicClassification>
              <taxonomicClassification>
                  <taxonRankName>family</taxonRankName>
                <taxonRankValue>Curimatidae</taxonRankValue>
              </taxonomicClassification>
              <taxonomicClassification>
                  <taxonRankName>family</taxonRankName>
                <taxonRankValue>Cynodontidae</taxonRankValue>
              </taxonomicClassification>
              <taxonomicClassification>
                  <taxonRankName>family</taxonRankName>
                <taxonRankValue>Cyprinodontidae</taxonRankValue>
              </taxonomicClassification>
              <taxonomicClassification>
                  <taxonRankName>family</taxonRankName>
                <taxonRankValue>Doradidae</taxonRankValue>
              </taxonomicClassification>
              <taxonomicClassification>
                  <taxonRankName>family</taxonRankName>
                <taxonRankValue>Eleotridae</taxonRankValue>
              </taxonomicClassification>
              <taxonomicClassification>
                  <taxonRankName>family</taxonRankName>
                <taxonRankValue>Engraulidae</taxonRankValue>
              </taxonomicClassification>
              <taxonomicClassification>
                  <taxonRankName>family</taxonRankName>
                <taxonRankValue>Erythrinidae</taxonRankValue>
              </taxonomicClassification>
              <taxonomicClassification>
                  <taxonRankName>family</taxonRankName>
                <taxonRankValue>Fluviphylacidae</taxonRankValue>
              </taxonomicClassification>
              <taxonomicClassification>
                  <taxonRankName>family</taxonRankName>
                <taxonRankValue>Gasteropelecidae</taxonRankValue>
              </taxonomicClassification>
              <taxonomicClassification>
                  <taxonRankName>family</taxonRankName>
                <taxonRankValue>Gymnotidae</taxonRankValue>
              </taxonomicClassification>
              <taxonomicClassification>
                  <taxonRankName>family</taxonRankName>
                <taxonRankValue>Hemiodontidae</taxonRankValue>
              </taxonomicClassification>
              <taxonomicClassification>
                  <taxonRankName>family</taxonRankName>
                <taxonRankValue>Hemiramphidae</taxonRankValue>
              </taxonomicClassification>
              <taxonomicClassification>
                  <taxonRankName>family</taxonRankName>
                <taxonRankValue>Heptapteridae</taxonRankValue>
              </taxonomicClassification>
              <taxonomicClassification>
                  <taxonRankName>family</taxonRankName>
                <taxonRankValue>Hypopomidae</taxonRankValue>
              </taxonomicClassification>
              <taxonomicClassification>
                  <taxonRankName>family</taxonRankName>
                <taxonRankValue>Iguanodectidae</taxonRankValue>
              </taxonomicClassification>
              <taxonomicClassification>
                  <taxonRankName>family</taxonRankName>
                <taxonRankValue>Lebiasinidae</taxonRankValue>
              </taxonomicClassification>
              <taxonomicClassification>
                  <taxonRankName>family</taxonRankName>
                <taxonRankValue>Lepidosirenidae</taxonRankValue>
              </taxonomicClassification>
              <taxonomicClassification>
                  <taxonRankName>family</taxonRankName>
                <taxonRankValue>Loricariidae</taxonRankValue>
              </taxonomicClassification>
              <taxonomicClassification>
                  <taxonRankName>family</taxonRankName>
                <taxonRankValue>Osteoglossidae</taxonRankValue>
              </taxonomicClassification>
              <taxonomicClassification>
                  <taxonRankName>family</taxonRankName>
                <taxonRankValue>Parodontidae</taxonRankValue>
              </taxonomicClassification>
              <taxonomicClassification>
                  <taxonRankName>family</taxonRankName>
                <taxonRankValue>Pimelodidae</taxonRankValue>
              </taxonomicClassification>
              <taxonomicClassification>
                  <taxonRankName>family</taxonRankName>
                <taxonRankValue>Poeciliidae</taxonRankValue>
              </taxonomicClassification>
              <taxonomicClassification>
                  <taxonRankName>family</taxonRankName>
                <taxonRankValue>Polycentridae</taxonRankValue>
              </taxonomicClassification>
              <taxonomicClassification>
                  <taxonRankName>family</taxonRankName>
                <taxonRankValue>Potamotrygonidae</taxonRankValue>
              </taxonomicClassification>
              <taxonomicClassification>
                  <taxonRankName>family</taxonRankName>
                <taxonRankValue>Pristigasteridae</taxonRankValue>
              </taxonomicClassification>
              <taxonomicClassification>
                  <taxonRankName>family</taxonRankName>
                <taxonRankValue>Prochilodontidae</taxonRankValue>
              </taxonomicClassification>
              <taxonomicClassification>
                  <taxonRankName>family</taxonRankName>
                <taxonRankValue>Pseudopimelodidae</taxonRankValue>
              </taxonomicClassification>
              <taxonomicClassification>
                  <taxonRankName>family</taxonRankName>
                <taxonRankValue>Rhamphichthyidae</taxonRankValue>
              </taxonomicClassification>
              <taxonomicClassification>
                  <taxonRankName>family</taxonRankName>
                <taxonRankValue>Rivulidae</taxonRankValue>
              </taxonomicClassification>
              <taxonomicClassification>
                  <taxonRankName>family</taxonRankName>
                <taxonRankValue>Sciaenidae</taxonRankValue>
              </taxonomicClassification>
              <taxonomicClassification>
                  <taxonRankName>family</taxonRankName>
                <taxonRankValue>Scoloplacidae</taxonRankValue>
              </taxonomicClassification>
              <taxonomicClassification>
                  <taxonRankName>family</taxonRankName>
                <taxonRankValue>Serrasalmidae</taxonRankValue>
              </taxonomicClassification>
              <taxonomicClassification>
                  <taxonRankName>family</taxonRankName>
                <taxonRankValue>Sternopygidae</taxonRankValue>
              </taxonomicClassification>
              <taxonomicClassification>
                  <taxonRankName>family</taxonRankName>
                <taxonRankValue>Synbranchidae</taxonRankValue>
              </taxonomicClassification>
              <taxonomicClassification>
                  <taxonRankName>family</taxonRankName>
                <taxonRankValue>Tetraodontidae</taxonRankValue>
              </taxonomicClassification>
              <taxonomicClassification>
                  <taxonRankName>family</taxonRankName>
                <taxonRankValue>Trichomycteridae</taxonRankValue>
              </taxonomicClassification>
              <taxonomicClassification>
                  <taxonRankName>family</taxonRankName>
                <taxonRankValue>Triportheidae</taxonRankValue>
              </taxonomicClassification>
          </taxonomicCoverage>
  </coverage>
  <maintenance>
    <description>
      <para>Mayor información sobre la actualización 2.10 se puede encontrar online en el siguiente link: http://www.acictios.org/listado-de-peces-de-agua-dulce-de-colombia/
Allí podrá encontrar la información y soporte detallado de todos los cambios geográficos y taxonómicos de la actualización de la lista.</para>
    </description>
    <maintenanceUpdateFrequency>unkown</maintenanceUpdateFrequency>
  </maintenance>

      <contact>
    <individualName>
        <givenName>Carlos</givenName>
      <surName>DoNascimiento</surName>
    </individualName>
    <organizationName>Instituto de Investigación de Recursos Biológicos Alexander von Humboldt</organizationName>
    <positionName>Curador</positionName>
    <address>
        <city>Villa de Leyva</city>
        <administrativeArea>Boyacá</administrativeArea>
        <country>CO</country>
    </address>
    <electronicMailAddress>cdonascimiento@humboldt.org.co</electronicMailAddress>
      </contact>
      <contact>
    <individualName>
        <givenName>Edgar Esteban</givenName>
      <surName>Herrera-Collazos</surName>
    </individualName>
    <organizationName>Laboratorio de Ictiología, Departamento de Biología, Facultad de Ciencias, Pontificia Universidad Javeriana</organizationName>
    <address>
        <deliveryPoint>Carrera 7 N° 43-82</deliveryPoint>
        <city>Bogotá</city>
        <administrativeArea>Bogotá</administrativeArea>
        <country>CO</country>
    </address>
    <phone>3193790213</phone>
    <electronicMailAddress>edgarestebanhc@gmail.com</electronicMailAddress>
          <userId directory="https://www.linkedin.com/profile/view?id=">edgar-esteban-herrera-collazos-71540638</userId>
      </contact>
      <contact>
    <individualName>
        <givenName>Javier A.</givenName>
      <surName>Maldonado-Ocampo</surName>
    </individualName>
    <organizationName>Departamento de Biología, Facultad de Ciencias, Pontificia Universidad Javeriana</organizationName>
    <positionName>Director</positionName>
    <address>
        <deliveryPoint>Carrera 7 N° 43-82</deliveryPoint>
        <city>Bogotá</city>
        <administrativeArea>Bogotá</administrativeArea>
        <country>CO</country>
    </address>
    <electronicMailAddress>maldonadoj@javeriana.edu.co</electronicMailAddress>
          <userId directory="http://orcid.org/">https://orcid.org/0000-0003- 3024-237X</userId>
      </contact>
  <methods>
        <methodStep>
          <description>
            <para>El proceso metodológico consistió en los siguientes puntos: 1. Añadir nuevas especies descritas desde el 2009 y especies descritas originalmente de Colombia, pero omitidas involuntariamente en 2008; 2. Añadir nuevos registros de especies ya descritas; 3. Eliminar especies cuya presencia en Colombia no fue apoyada por ejemplares en colecciones ictiológicas; y 4. Revisar la distribución geográfica de las especies listadas en 2008. Las principales fuentes utilizadas para esta revisión consistieron en artículos de investigación que describen especies nuevas, revisiones taxonómicas y sistemáticas de géneros y familias, examen directo de especímenes catalogados.</para>
          </description>
        </methodStep>
        <methodStep>
          <description>
            <para>La lista completa de especies fue ensamblada usando el estándar Darwin Core (DwC). A continuación se enumeran los campos para los que consideramos una explicación más detallada de los criterios adoptados, para proporcionar un marco inequívoco para las definiciones utilizadas para cada elemento.</para>
          </description>
        </methodStep>
        <methodStep>
          <description>
            <para>taxonID. Este campo se define como un identificador alfanumérico único y estable a través del tiempo (identificador taxonómico) proporcionado por Life Science Identifier (LSID).</para>
          </description>
        </methodStep>
        <methodStep>
          <description>
            <para>namePublishedIn. Este campo vincula cada nombre de especie a su respectiva fuente (es decir, una referencia bibliográfica) y se restringió para incluir solamente aquellas especies descritas originalmente de Colombia, es decir, sólo la referencia bibliográfica de la descripción original de especies que listan especímenes colombianos (en algunos casos de zonas fronterizas) como tipos, así como descripciones que explícitamente listan especímenes colombianos como no-tipos.</para>
          </description>
        </methodStep>
        <methodStep>
          <description>
            <para>bibliographicCitation. Este campo está reservado para aquellas especies no descritas en Colombia, pero cuya presencia en el país está respaldada por una referencia bibliográfica. En este caso, hicimos un esfuerzo especial para localizar la primera referencia cronológica que mencionaba explícitamente especímenes colombianos colectados y depositados en colecciones nacionales o internacionales, o que proporcionaban imágenes que permitieran el reconocimiento inequívoco de una especie determinada, para cada sistema hidrográfico principal. En algunos casos, complementamos estas referencias bibliográficas primarias con referencias más recientes, donde se proporcionan lotes catalogados adicionales.</para>
          </description>
        </methodStep>
        <methodStep>
          <description>
            <para>associatedOccurrences. Como en el elemento anterior, aquí apoyamos la presencia de especies no descritas originalmente de Colombia. Se listaron lotes catalogados (preferiblemente disponibles en colecciones colombianas) para especies no respaldadas por referencias bibliográficas o para complementar referencias no soportadas por lotes. Se proporcionan lotes para cada sistema hidrográfico principal. Además, también se enumeran aquí los lotes catalogados, correspondientes a los tipos.</para>
          </description>
        </methodStep>
        <methodStep>
          <description>
            <para>dynamicProperties. Corresponde a la columna CT (especie amenazada y en peligro de extinción) utilizada en Maldonado-Ocampo et al. (2008) y en DoNascimiento et al (2017). La información de este elemento se basó en Mojica et al. (2012) y dado que el alcance de la presente lista es de escala nacional, las categorías de amenaza están restringidas a Colombia.</para>
          </description>
        </methodStep>
        <methodStep>
          <description>
            <para>occurrenceRemarks. Indica el tipo de uso comercial de cada especie (es decir, Pesquerías, Ornamentales). La lista de especies de peces incluidas en las pesquerías continentales colombianas es de Lasso et al. (2011a), mientras que la lista de especies ornamentales es de Ortega-Lara et al. (2015) y Ortega-Lara (2016).</para>
          </description>
        </methodStep>
        <methodStep>
          <description>
            <para>locality. Las localidades tipo de especies descritas de Colombia se enumeran como se citan en sus respectivas descripciones originales o como aparecen en el Catálogo de Peces de California (http://researcharchive.calacademy.org/research/ichthyology/catalog/fishcatmain.asp</para>
          </description>
        </methodStep>
        <methodStep>
          <description>
            <para>Las siglas institucionales siguen a Sabaj (2016). La clasificación de taxones de rangos taxonómicos ordinales y supraordinales (Clase a Suborden) y el orden de arreglo de los respectivos taxones siguieron la propuesta de Betancur-R. et al. (2017). Se adoptaron las siguientes propuestas de clasificación para los grupos indicados: Tagliacollo et al. (2016): Gymnotiformes; Mirande (2009, 2010) y Oliveira et al. (2011): Characiformes, pero en casos incongruentes, adoptamos la última propuesta publicada (es decir, Oliveira et al., 2011), sin implicar en modo alguno una validación sobre las contribuciones de Mirande; Thomaz et al. (2015): Stevardiinae; Sullivan et al. (2006): Siluriformes; Lujan et al. (2015a): Hypostominae; Roxo et al. (2014): Hypoptopomatinae y Otothyrinae; Covain et al. (2016): Loricariinae; Birindelli (2014): Doradoidea; Sullivan et al. (2013a): Pimelodoidea; López-Fernández et al. (2010): Cichlidae. Para los grupos restantes seguimos Nelson et al. (2016).</para>
          </description>
        </methodStep>
      <sampling>
        <studyExtent>
          <description>
            <para>Todas las Zonas Hidrográficas de Colombia: Amazonas, Orinoco, Caribe, Magdalena-Cauca y Pacífico (IDEAM 2015).</para>
          </description>
        </studyExtent>
        <samplingDescription>
          <para>El proceso metodológico consistió en los siguientes puntos: 1. Añadir nuevas especies descritas desde el 2009 y especies descritas originalmente de Colombia, pero omitidas involuntariamente en 2008; 2. Añadir nuevos registros de especies ya descritas; 3. Eliminar especies cuya presencia en Colombia no fue apoyada por ejemplares de vouchers en colecciones ictiológicas; y 4. Revisar la distribución geográfica de las especies listadas en 2008.</para>
        </samplingDescription>
      </sampling>
      <qualityControl>
        <description>
          <para>Para las especies, se realizó la revisión nomenclatural siguiendo CALACADEMY, FISHBASE y COL.

1. Cambios taxonómicos
La clasificación de Auchenipteridae sigue: Calegari, B. B., R. P. Vari, R. E. Reis. 2019. Phylogenetic systematics of the driftwood catfishes (Siluriformes: Auchenipteridae): a combined morphological and molecular analysis. Zoological Journal of the Linnean Society, zlz036. https://doi.org/10.1093/zoolinnean/zlz036. 

La clasificación y localidades tipo de Poeciliidae sigue: Huber, J. H. 2019. A nomenclatural and systematic analysis of livebearing Cyprinodontiformes (Acanthopterygii: Anablepsinae, Goodeinae, Poeciliidae). Killi-Data Series 2019: 1-156. 

La clasificación y localidades tipo de Gymnotus sigue: Craig, J. M., L. Y. Kim, V. A. Tagliacollo, J. S. Albert. 2019. Phylogenetic revision of Gymnotidae (Teleostei: Gymnotiformes), with descriptions of six subgenera. PLoS ONE 14 (11): e0224599. https://doi.org/10.1371/journal.pone.0224599. 

Inclusión de especies de Cyprinodontiformes registradas para Colombia está basada en Huber, J. H. Killi-Data online (www.killi-data.org). List of all valid species per country, 25 Mar 2020 (restricted access to members). 

La clasificación de Astyanax sigue: Terán, G. E., M. F. Benitez, J. M. Mirande. 2020. Opening the Trojan horse: phylogeny of Astyanax, two new genera and resurrection of Psalidodon (Teleostei: Characidae). Zoological Journal of the Linnean Society. https://doi.org/10.1093/zoolinnean/zlaa019. 

La clasificación de Carangiformes sigue: Girard, M. G., M. P. Davis &amp; W. L. Smith. 2020. The phylogeny of carangiform fishes: morphological and genomic investigations of a new fish clade. Copeia 108 (2): 265-298. https://doi.org/10.1643/CI-19-320.;  

Hemigrammus bleheri Géry &amp; Mahnert, 1986 y H. rhodostomus Ahl, 1924 son reubicados en el género Petitella Géry &amp; Boutière, 1964: Bittencourt, P. S., V. N. Machado, B. G. Marshall, T. Hrbek &amp; I. P. Farias. 2020. Phylogenetic relationships of the neon tetras Paracheirodon spp. (Characiformes: Characidae: Stethaprioninae), including comments on Petitella georgiae and Hemigrammus bleheri. Neotropical Ichthyology, 18 (2): e190109. https://doi.org/10.1590/1982-0224-2019-0109. 


2. Especies nuevas descritas, posterior a la versión 2.11: 19 spp.
Characiformes (8 spp); 
Characidae (7 spp); 
Creagrutus andaki Albornoz-Garzón, Acosta-Santos, Bogotá-Gregory &amp; Agudelo-Córdoba, 2020; 
Hemibrycon clausen Ardila Rodríguez, 2020; 
Hemibrycon gutierrezi Ardila Rodríguez, 2020; 
Hemigrammus amacayacu Albornoz-Garzón, Méndez-López, DoNascimiento &amp; Lima, 2019 ;
Hemigrammus xaveriellus Lima, Urbano-Bonilla, Prada-Pedreros, 2019; 
Hyphessobrycon chiribiquete García-Alzate, Lima, Taphorn, Mojica, Urbano-Bonilla &amp; Teixeira, 2020; 
Pristella ariporo Conde-Saldaña, Albornoz-Garzón, García-Melo, Villa-Navarro, Mirande &amp; Lima, 2019; 
Crenuchidae (1 sp); 
Characidium chancoense Agudelo-Zamora, Ortega-Lara &amp; Taphorn, 2020; 
Siluriformes (8 spp); 
Trichomycteridae (2 spp); 
Trichomycterus calai Ardila Rodríguez, 2019; 
Trichomycterus spectrum DoNascimiento &amp; Prada-Pedreros, 2020; 
Loricariidae (4 spp); 
Pseudohemiodon unillano Rojas-Molina, Provenzano-Rizzi &amp; Ramírez-Gil, 2019; 
Sturisomatichthys guaitipan Londoño-Burbano &amp; Reis, 2019; 
Sturisomatichthys reinae Londoño-Burbano &amp; Reis, 2019; 
Sturisomatichthys varii Londoño-Burbano &amp; Reis, 2019; 
Heptapteridae (2 spp); 
Pimelodella longibarbata Cortés-Hernández, DoNascimiento &amp; Ramírez-Gil, 2020; 
Pimelodella yaharo Conde-Saldaña, Albornoz-Garzón, García-Melo, Dergam &amp; Villa Navarro, 2019; 
Gymnotiformes (3 spp); 
Sternopygidae (3 spp); 
Eigenmannia camposi Herrera-Collazos, Galindo-Cuervo, Maldonado-Ocampo &amp; Rincón-Sandoval, 2020; 
Eigenmannia magoi Herrera-Collazos, Galindo-Cuervo, Maldonado-Ocampo &amp; Rincón-Sandoval, 2020; 
Eigenmannia zenuensis Herrera-Collazos, Galindo-Cuervo, Maldonado-Ocampo &amp; Rincón-Sandoval, 2020; 

3. Especies omitidas en DoNascimiento et al. (2017): 2 spp.
Siluriformes (2 spp); 
Astroblepidae (1 sp); 
Astroblepus dux Posada, 1909; 
Trichomycteridae (1 sp); 
Trichomycterus medellinensis Posada, 1909.

4. Nuevos registros de especies, posterior a la versión 2.11: 21 spp.
Characiformes (8 spp); 
Characidae (2 spp); 
Hemigrammus diagonicus Mendonça &amp; Wosiacki, 2011; 
Orinoco: IAvH-P 9512.; 
Microgenys lativirgata Pearson, 1927; 
Amazonas: CZUT-IC 12039.; 
Crenuchidae (2 spp); 
Characidium cf. declivirostre Steindachner, 1915; 
Amazonas: Agudelo-Zamora, H. D., A. Ortega-Lara &amp; D. C. B. Taphorn.2020. Characidium chancoense, a new species of South American darter from the Río Cauca drainage, Colombia (Characiformes: Crenuchidae). Zootaxa 4768 (2): 249-263. http://dx.doi.org/10.11646/zootaxa.4768.2.6.;  
Characidium purpuratum Steindachner 1882; 
Amazonas: CZUT-IC 18454.; 
Curimatidae (2 spp); 
Curimata inornata Vari, 1989; 
Amazonas: CZUT-IC 14162.; 
Steindachnerina planiventris Vari &amp; Williams Vari, 1989; 
Amazonas: CZUT-IC 18033; 
Iguanodectidae (1 sp); 
Iguanodectes gracilis Géry, 1993; 
Orinoco: CZUT-IC 16531.; 
Lebiasinidae (1 sp); 
Pyrrhulina zigzag Zarske &amp; Géry 1997; 
Amazonas: CZUT-IC 14250; 
Gymnotiformes (1 sp); 
Apteronotidae (1 sp); 
Sternarchogiton porcinum Eigenmann &amp; Allen, 1942; 
Orinoco: CZUT-IC 9409; 
Siluriformes (8 spp); 
Auchenipteridae (3 spp); 
Ageneiosus lineatus Ribeiro, Rapp Py-Daniel &amp; Walsh, 2017; 
Orinoco: IAvH-P INIR05 254, 256.; 
Auchenipterus brachyurus (Cope, 1878); 
Amazonas: CZUT-IC 14314.; 
Trachelyichthys exilis Greenfield &amp; Glodek, 1977; 
Orinoco: IAvH-P INIR04 155; 
Callichthyidae (1 sp); 
Corydoras armatus (Günther 1868); 
Amazonas: CZUT-IC 14727; 
Loricariidae (4 spp); 
Loricariichthys acutus (Valenciennes, 1840);
Amazonas: CZUT-IC 14699; 
Parotocinclus longirostris Garavello, 1988; 
Amazonas: CZUT-IC 4048; 
Rineloricaria phoxocephala (Eigenmann &amp; Eigenmann, 1889); 
Amazonas: CZUT-IC 14728; 
Sturisoma guentheri (Regan 1904); 
Amazonas: CZUT-IC 14729; 
Cichliformes (4 spp); 
Cichlidae (4 spp); 
Apistogramma personata Kullander, 1980; 
Amazonas: CZUT-IC 4362; 
Bujurquina cordemadi Kullander, 1986; 
Amazonas: CZUT-IC 14365; 
Crenicichla proteus Cope, 1872; 
Amazonas: CZUT-IC 14472; 
Satanoperca acuticeps (Heckel, 1840); 
Amazonas: CZUT-IC 14709; 

5. Especies listadas versión 2.11 con distribución geográfica ampliada: 5 spp.
Characiformes (4 sp); 
Characidae (3 sp); 
Galeocharax gulo (Cope, 1870); 
Orinoco: IAvH-P 2560, IAvH-P 3618, IAvH-P 10916, IAvH-P 13159, IAvH-P 19310, IAvH-P 19341, IAvH-P 20125, IAvH-P 21794.; 
Hyphessobrycon condotensis Regan, 1913; 
Caribe: Ota, R. R., F. R. Carvalho &amp; C. S. Pavanelli. 2020. Taxonomic review of the Hyphessobrycon panamensis species-group (Characiformes: Characidae). Zootaxa 4751 (3): 401-436. https://doi.org/10.11646/zootaxa.4751.3.1.; 
Microschemobrycon melanotus (Eigenmann, 1912); 
Amazonas: CZUT-IC 3569; 
Crenuchidae (1 sp); 
Characidium cf. zebra Eigenmann, 1909; 
Amazonas, Orinoco: Agudelo-Zamora, H. D., A. Ortega-Lara &amp; D. C. B. Taphorn.2020. Characidium chancoense, a new species of South American darter from the Río Cauca drainage, Colombia (Characiformes: Crenuchidae). Zootaxa 4768 (2): 249-263. http://dx.doi.org/10.11646/zootaxa.4768.2.6.; 
Siluriformes (1 sp); 
Heptapteridae (1 sp); 
Pimelodella floridablancaensis Ardila-Rodríguez, 2017; 
Caribe (río Ranchería): Conde-Saldaña, C. C., J. G. Albornoz-Garzón, J. E. García-Melo, J. A. Dergam &amp; F. A. Villa-Navarro. 2019. A new species of Pimelodella Eigenmann &amp; Eigenmann, 1888 (Siluriformes: Heptapteridae) from the Sierra Nevada de Santa Marta, Colombia. Zootaxa 4668 (4): 562-574. DOI: 10.11646/zootaxa.4668.4.8.; 

6. Especies listadas en versión 2.11 con distribución geográfica reducida: 2 spp.
Siluriformes (1 sp); 
Heptapteridae (1 sp); 
Pimelodella chagresi (Steindachner, 1876); 
Removida del sistema hidrográfico Magdalena-Cauca al corresponder a identificaciones erróneas de Pimelodella floridablancaensis Ardila-Rodríguez, 2017: Conde-Saldaña, C. C., J. G. Albornoz-Garzón, J. E. García-Melo, J. A. Dergam &amp; F. A. Villa-Navarro. 2019. A new species of Pimelodella Eigenmann &amp; Eigenmann, 1888 (Siluriformes: Heptapteridae) from the Sierra Nevada de Santa Marta, Colombia. Zootaxa 4668 (4): 562-574. DOI: 10.11646/zootaxa.4668.4.8.; 
Cyprinodontiformes (1 sp); 
Poeciliidae (1 sp); 
Poecilia caucana Steindachner, 1880;
Removida del Pacífico. Presente en las cuencas costeras del noroccidente de Colombia, sur de Panamá (vertiente Caribe) y nororiente de Venezuela, al occidente del Lago de Maracaibo: Huber, J. H. 2019. A nomenclatural and systematic analysis of livebearing Cyprinodontiformes (Acanthopterygii: Anablepsinae, Goodeinae, Poeciliidae). Killi-Data Series 2019: 1-156.; 

7. Especies eliminadas de versión 2.11: 17 spp.
Characiformes (4 spp); 
Anostomidae (1 sp); 
Anostomoides laticeps (Eigenmann, 1912)
Sinónimo más moderno de Anostomoides atrianalis Pelegrin, 1909 en: Assega, F. M. y J. L. O. Birindelli. 2019. Taxonomic revision of the genus Anostomoides (Characiformes: Anostomidae). Zootaxa 4646 (1): 124-144. https://doi.org/10.11646/zootaxa.4646.1.7.; 
Characidae (3 spp); 
Hyphessobrycon chocoensis García-Alzate, Román-Valencia &amp; Taphorn, 2013
Sinónimo más moderno de Hyphessobrycon daguae Eigenmann, 1922 en: Ota, R. R., F. R. Carvalho &amp; C. S. Pavanelli. 2020. Taxonomic review of the Hyphessobrycon panamensis species-group (Characiformes: Characidae). Zootaxa 4751 (3): 401-436. https://doi.org/10.11646/zootaxa.4751.3.1.; 
Hyphessobrycon sebastiani García-Alzate, Román-Valencia &amp; Taphorn, 2010
Sinónimo más moderno de Hyphessobrycon condotensis Regan, 1913 en: Ota, R. R., F. R. Carvalho &amp; C. S. Pavanelli. 2020. Taxonomic review of the Hyphessobrycon panamensis species-group (Characiformes: Characidae). Zootaxa 4751 (3): 401-436. https://doi.org/10.11646/zootaxa.4751.3.1.; 
Psalidodon fasciatus (Cuvier, 1819)
Descrita originalmente para la cuenca del río São Francisco, Brasil: Lima, F. C. T., L. R. Malabarba, P. A. Buckup, J. F. Pezzi da Silva, R. P. Vari, A. Harold, R. Benine, O. T. Oyakawa, C. S. Pavanelli, N. A. Menezes, C. A. S. Lucena, M. C. S. L. Malabarba, Z. M. S. Lucena, R. E. Reis, F. Langeani, L. Casatti, V. A. Bertaco, C. Moreira &amp; P. H. F. Lucinda. 2003. Genera incertae sedis in Characidae. Pp. 106-169. En: Reis, R. E., S. O. Kullander &amp; C. J. Ferraris (Eds.). Check List of the Freshwater Fishes of South and Central America. Edipucrs, Porto Alegre, Brasil. 729 p.; 
El género Psalidodon está conformado exclusivamente por especies distribuidas en los ríos costeros del Atlántico brasileño y en la cuenca del Paraná-Paraguay: Terán, G. E., M. F. Benitez, J. M. Mirande. 2020. Opening the Trojan horse: phylogeny of Astyanax, two new genera and resurrection of Psalidodon (Teleostei: Characidae). Zoological Journal of the Linnean Society. https://doi.org/10.1093/zoolinnean/zlaa019.


Las poblaciones de Colombia, anteriormente designadas con este nombre, son provisionalmente listadas con estatus taxonómico indeterminado (sp.).
Siluriformes (7 spp); 
Heptapteridae (2 spp); 
Pimelodella pallida Dahl, 1961
Sinónimo más moderno de Pimelodella chaparae Fowler, 1940: Cortés-Hernández, M., C. DoNascimiento &amp; H. Ramírez-Gil. 2020. A new species of Pimelodella (Siluriformes: Heptapteridae) from the Orinoco River basin. Zootaxa 4808 (3): 491-506. https://doi.org/10.11646/zootaxa.4808.3.5.; 
Rhamdia quelen (Quoy &amp; Gaimard, 1824)
Restringida a las cuencas hidrográficas de la costa Atlántica brasileña: Angrizani, R. &amp; L. Malabarba. 2020. Genetic diversity and species delimitation in Rhamdia (Siluriformes: Heptapteridae) in South America, with a redescription of R. quelen (Quoy &amp; Gaimard, 1824). Zootaxa 4801 (1): 85-104. http://dx.doi.org/10.11646/zootaxa.4801.1.3.; 
Las poblaciones cisandinas de Colombia (Amazonas y Orinoco), anteriormente designadas con este nombre, son provisionalmente listadas con estatus taxonómico indeterminado (sp.).
Trichomycteridae (5 spp); 
Trichomycterus betuliaensis Ardila Rodríguez, 2017, Trichomycterus sanmartinensis Ardila Rodríguez, 2018, Trichomycterus gironensis Ardila Rodríguez, 2018
Sinónimos más modernos de Trichomycterus ruitoquensis Ardila Rodríguez, 2007 en: DoNascimiento, C. &amp; S. Prada-Pedreros. 2020. A new troglomorphic species of Trichomycterus (Siluriformes: Trichomycteridae) from northeastern Colombia, with proposal of a new Trichomycterus subclade and remarks on some nominal species from Colombia. Journal of Fish Biology 96 (4): 968-985. https://doi.org/10.1111/jfb.14286.; 
Trichomycterus guacamayoensis Ardila Rodríguez, 2018, Trichomycterus colombia Ardila Rodríguez, 2018
Sinónimos más modernos de Trichomycterus latistriatus (Eigenmann, 1917) en: DoNascimiento, C. &amp; S. Prada-Pedreros. 2020. A new troglomorphic species of Trichomycterus (Siluriformes: Trichomycteridae) from northeastern Colombia, with proposal of a new Trichomycterus subclade and remarks on some nominal species from Colombia. Journal of Fish Biology 96 (4): 968-985. https://doi.org/10.1111/jfb.14286.; 
Gymnotiformes (1 sp); 
Sternopygidae (1 sp); 
Eigenmannia virescens (Valenciennes, 1836)
Restringida a la forma sin líneas oscuras del sistema hidrográfico de la cuenca baja del río Paraná y río de La Plata: Peixoto, L. A. W., G. M. Dutra &amp; W. B. Wosiacki. 2015. The electric glass knifefishes of the Eigenmannia trilineata species-group (Gymnotiformes: Sternopygidae): monophyly and description of seven new species. Zoological Journal of the Linnean Society 175: 384-414. https://doi.org/10.1111/zoj.12274.; 
Las poblaciones cisandinas de Colombia (Amazonas y Orinoco), anteriormente designadas con este nombre, son provisionalmente listadas con estatus taxonómico indeterminado (sp.). Removida del Pacífico por omisión involuntaria de ausencia de registros en los soportes bibliográficos ofrecidos en la versión 2.5 de la lista (http://doi.org/10.15472/numrso). Removida del Magdalena-Cauca y Caribe con base en la descripción de tres especies nuevas, previamente identificadas como esta especie para los dos sistemas hidrográficos: Herrera-Collazos, E. E., A. M. Galindo-Cuervo, J. A. Maldonado-Ocampo &amp; M. Rincón-Sandoval. 2020. Three new species of the Eigenmannia trilineata species group (Gymnotiformes: Sternopygidae) from northwestern South America. Neotropical Ichthyology 18 (1): e180085. https://doi.org/10.1590/10.1590/1982-0224-2018-0085.; 
Cyprinodontiformes (5 spp); 
Poeciliidae (5 spp); 
Diphyacantha darienensis Meek &amp; Hildebrand, 1913
Distribuida en la cuenca del río Tuyra, en la vertiente Pacífica del occidente de Panamá: Huber, J. H. 2019. A nomenclatural and systematic analysis of livebearing Cyprinodontiformes (Acanthopterygii: Anablepsinae, Goodeinae, Poeciliidae). Killi-Data Series 2019: 1-156.; 
Gambusia nicaraguensis Günther, 1866
Distribuida en Colombia exclusivamente en la isla de San Andrés: Huber, J. H. 2019. A nomenclatural and systematic analysis of livebearing Cyprinodontiformes (Acanthopterygii: Anablepsinae, Goodeinae, Poeciliidae). Killi-Data Series 2019: 1-156.
Pseudopoecilia fria Eigenmann &amp; Henn, 1914
Conocida únicamente de la localidad tipo, cerca de Vinces, Ecuador: Huber, J. H. 2019. A nomenclatural and systematic analysis of livebearing Cyprinodontiformes (Acanthopterygii: Anablepsinae, Goodeinae, Poeciliidae). Killi-Data Series 2019: 1-156.; 
Poecilia orri Fowler, 1943; 
No se distribuye en Colombia continental: Huber, J. H. 2019. A nomenclatural and systematic analysis of livebearing Cyprinodontiformes (Acanthopterygii: Anablepsinae, Goodeinae, Poeciliidae). Killi-Data Series 2019: 1-156.
Poecilia sphenops Cuvier &amp; Valenciennes, 1846
No se distribuye en Colombia: Huber, J. H. 2019. A nomenclatural and systematic analysis of livebearing Cyprinodontiformes (Acanthopterygii: Anablepsinae, Goodeinae, Poeciliidae). Killi-Data Series 2019: 1-156.



</para>
        </description>
      </qualityControl>
  </methods>
  <project >
    <title>Peces de agua dulce de Colombia</title>
      <personnel>
        <individualName>
            <givenName>Javier Alejandro</givenName>
          <surName>Maldonado Ocampo</surName>
        </individualName>
              <userId directory="http://orcid.org/">0000-0003-3024-237X</userId>
        <role>principalInvestigator</role>
      </personnel>
      <personnel>
        <individualName>
            <givenName>Carlos</givenName>
          <surName>DoNascimiento</surName>
        </individualName>
        <role>principalInvestigator</role>
      </personnel>
      <abstract>
        <para>Este es un proyecto de colaboración interinstitucional que reúne los esfuerzos académicos, técnicos y financieros de los investigadores e instituciones participantes. Tiene su inicio en 2014, a partir de la firma de un convenio de cooperación entre el Instituto de Investigación de Recursos Biológicos Alexander von Humboldt (IAvH) y la Asociación Colombiana de Ictiólogos (ACICTIOS), cuyo objeto se centró en: “Aunar esfuerzos técnicos, administrativos y financieros para apoyar la realización de listas de especies de peces, publicar registros biológicos y documentar información sobre peces de Colombia, como parte del fortalecimiento de colecciones biológicas”.</para>
      </abstract>
      <funding>
        <para>Los fondos para la realización de la presente actualización 2.10, provienen del Instituto de Investigación de Recursos Biológicos Alexander von Humboldt y de la Pontificia Universidad Javeriana.</para>
      </funding>
      <studyAreaDescription>
        <descriptor name="generic"
                    citableClassificationSystem="false">
          <descriptorValue>Sistemas dulceacuícolas colombianos, específicamente las regiones hidrográficas de Amazonas, Orinoco, Magdalena-Cauca, Pacífico y Caribe.</descriptorValue>
        </descriptor>
      </studyAreaDescription>
      <designDescription>
        <description>
          <para>El presente trabajo es parte de un proceso para crear un Catálogo de Peces de Agua Dulce de Colombia y consistió en la depuración y actualización de los componentes taxonómico y geográfico del listado de peces de agua dulce de Colombia. Una revisión exhaustiva de las 1435 especies registradas en 2008 fue necesaria para: 1. Adicionar las especies nuevas descritas desde 2009 y especies descritas originalmente para Colombia pero omitidas inadvertidamente en 2008; 2. Adicionar nuevos registros de especies ya descritas; 3. Eliminar especies cuya presencia en Colombia no estaba soportada por especímenes en colecciones ictiológicas; y 4. Revisar la distribución geográfica de las especies listadas en 2008.</para>
        </description>
      </designDescription>
  </project>
</dataset>
  <additionalMetadata>
    <metadata>
      <gbif>
          <dateStamp>2017-07-31T14:55:03.574+00:00</dateStamp>
          <hierarchyLevel>dataset</hierarchyLevel>
            <citation identifier="http://doi.org/10.15472/numrso">DoNascimiento C, Herrera Collazos E E, Maldonado-Ocampo J A (2018): Lista de especies de peces de agua dulce de Colombia / Checklist of the freshwater fishes of Colombia. v2.10. Asociación Colombiana de Ictiólgos. Dataset/Checklist. http://doi.org/10.15472/numrso</citation>
          <bibliography>
                <citation>Angulo, A., C. DoNascimiento, O. M. Lasso-Alcalá, A. Farah-Pérez, F. Langeani &amp; C. D. McMahan. Redescription of Trichomycterus striatus (Meek &amp; Hildebrand, 1913) (Siluriformes: Trichomycteridae), with notes on its geographic distribution. Zootaxa 4420 (4): 530-550. https://doi.org/10.11646/zootaxa.4420.4.5.</citation>
                <citation>Ardila Rodríguez, C. A. 2017. Dos nuevas especies de peces Trichomycterus para el departamento de Santander, Colombia. Barranquilla, Departamento del Atlántico (10): 24 pp.</citation>
                <citation>Bragança, P. H. N., P. F. Amorim &amp; W. J. E. M. Costa. 2018. Pantanodontidae (Teleostei, Cyprinodontiformes), the sister group to all other cyprinodontoid killifishes as inferred by molecular data. Zoosystematics and Evolution 94 (1): 137-145. DOI 10.3897/zse.94.22173.</citation>
                <citation>Carvalho, T. P., M. Arce H., R. E. Reis, M. H. Sabaj. 2018. Molecular phylogeny of Banjo Catfishes (Ostaryophisi: Siluriformes: Aspredinidae): a continental radiation in South American freshwaters. Molecular Phylogenetics and Evolution. doi: https://doi.org/10.1016/j.ympev.2018.04.039.</citation>
                <citation>Costa, W. J. E. M. 2014. Phylogeny and evolutionary radiation in seasonal rachovine killifishes: biogeographical and taxonomical implications. Vertebrate Zoology 64 (2): 177-192.</citation>
                <citation>Delapieve, M. L. S., P. Lehmann A. &amp; R. E. Reis. 2017. An appraisal of the phylogenetic relationships of Hypoptopomatini cascudinhos with description of two new genera and three new species (Siluriformes: Loricariidae). Neotropical Ichthyology 15 (4): http://dx.doi.org/10.1590/1982-0224-20170079.</citation>
                <citation>Galvis G., J. I. Mojica, F. Provenzano, C. Lasso, D. Taphorn, R. Royero, C. Castellanos, A. Gutiérrez, M. Gutiérrez, Y. López, L. Mesa, P. Sánchez &amp; C. Cipamocha.2007. Peces de la Orinoquia colombiana con énfasis en especies de interés ornamental. Ministerio de Agricultura y Desarrollo Rural, INCODER, Universidad Nacional de Colombia - Departamento de Biología- Instituto de Ciencias Naturales. Bogotá, Colombia. 425 pp.</citation>
                <citation>Hilton, E. J. &amp; C. Cox Fernandes. 2017. Identity of “Apteronotus” bonapartii (Castelnau, 1855), a sexually dimorphic South American knifefish from the Amazon, with notes on its cranial osteology and on the taxonomic status of “Apteronotus” apurensis Fernández-Yépez, 1968 (Gymnotiformes, Apteronotidae). Proceedings of the Academy of Natural Sciences of Philadelphia 165: 91-103.</citation>
                <citation>Huber, J. H. 2018. Killi-Data International, http://www.killi-data.org/list-names-encyclopedia.php.</citation>
                <citation>Mateussi, N. T. B., C. Oliveira &amp; C. S. Pavanelli. 2018. Taxonomic revision of the Cis-Andean species of Mylossoma Eigenmann &amp; Kennedy, 1903 (Teleostei: Characiformes: Serrasalmidae). Zootaxa 4387 (2): 275-309.</citation>
                <citation>Mojica, J. I., C. C. Martínez-González, A. G. Acosta-Vela, E. Larrarte-Rivera, W. González-Daza, F. L. Ávila-Rojas, E. Martínez-Aguirre &amp; J. D. Forero-Cano. 2017. Lista de los peces de la cuenca del río Mira, vertiente Pacífico, Colombia. Biota Colombiana 18(2): 190-198.</citation>
                <citation>Provenzano R., F. 2018. Rediscovery of Chaetostomus setosus Boulenger 1887 (Siluriformes, Loricariidae), and assessment of the external characters used for determination of genera within the Chaetostoma group. Zootaxa 4378 (3): 397-413. DOI 10.11646/zootaxa.4378.3.8.
Provenzano R., F., N. Milani &amp; C. Ardila R. 2017. A new species of the catfish genus Cordylancistrus (Siluriformes, Loricariidae) from the Sierra Nevada de Santa Marta, Colombia. Zootaxa 4329 (3): 256-266.</citation>
                <citation>Ruiz-C., R. I., C. Román-Valencia, D. C. Taphorn, P. A. Buckup &amp; H. Ortega. 2018. Revision of the Astyanax orthodus species-group (Teleostei: Characidae) with descriptions of three new species. European Journal of Taxonomy 402: 1-45. DOI 10.5852/ejt.2018.402.</citation>
                <citation>Ruiz-C., R. I., C. Román-Valencia, D. C. Taphorn, P. A. Buckup &amp; H. Ortega. 2018. Revision of the Astyanax orthodus species-group (Teleostei: Characidae) with descriptions of three new species. European Journal of Taxonomy 402: 1-45. DOI 10.5852/ejt.2018.402.</citation>
                <citation>Tencatt, L. F. C. &amp; W. M. Ohara. 2016. A new long-snouted species of Corydoras Lacépède, 1803 (Siluriformes: Callichthyidae) from the rio Madeira basin. Zootaxa 4144 (3): 430-442.</citation>
                <citation>Urbano-Bonilla, A., G. A. Ballen, G. A. Herrera-R, J. Zamudio, E. E. Herrera-Collazos, C. DoNascimiento, S. Prada-Pedreros &amp; J. A. Maldonado-Ocampo. 2018. Fishes of the Cusiana River (Meta River basin, Colombia), with an identification key to its species. ZooKeys 733: 65-97.</citation>
                <citation>Zamudio, J., A. Urbano-Bonilla, V. Preciado-Silva, D. Rodríguez-Cubillos &amp; E. E. Herrera-Collazos. 2017. Ichthyofauna of piedmont and savannah environments in the Casanare River drainage, Orinoco Basin, Colombia. Biota Colombiana 18(2): 199-211.</citation>
          </bibliography>
          <resourceLogoUrl>https://statics.sibcolombia.net/sib-resources/images/logos-socios/500px/acictios.jpg</resourceLogoUrl>
              <collection>
                  <parentCollectionIdentifier>CAR</parentCollectionIdentifier>
                <collectionName>Colección Ictiológica Carlos Ardila Rodríguez</collectionName>
              </collection>
              <collection>
                  <parentCollectionIdentifier>CIACOL</parentCollectionIdentifier>
                  <collectionIdentifier>Registro Nacional de Colecciones Biológicas: 12</collectionIdentifier>
                <collectionName>Colección Ictiológica de la Amazonia Colombiana</collectionName>
              </collection>
              <collection>
                  <parentCollectionIdentifier>CIUA</parentCollectionIdentifier>
                  <collectionIdentifier>Registro Nacional de Colecciones Biológicas: 168</collectionIdentifier>
                <collectionName>Colección de Ictiológica Universidad de Antioquia</collectionName>
              </collection>
              <collection>
                  <parentCollectionIdentifier>CP-UCO</parentCollectionIdentifier>
                  <collectionIdentifier>Registro Nacional de Colecciones Biológicas: 161</collectionIdentifier>
                <collectionName>Universidad Católica de Oriente - Colección de Peces</collectionName>
              </collection>
              <collection>
                  <parentCollectionIdentifier>CZUT</parentCollectionIdentifier>
                  <collectionIdentifier>Registro Nacional de Colecciones Biológicas: 156</collectionIdentifier>
                <collectionName>Colección Zoológica de la Universidad del Tolima - Peces</collectionName>
              </collection>
              <collection>
                  <parentCollectionIdentifier>Instituto Alexander von Humboldt</parentCollectionIdentifier>
                  <collectionIdentifier>Registro Nacional de Colecciones Biológicas: 3</collectionIdentifier>
                <collectionName>Colección de Peces Instituto Alexander von Humboldt - IAvH-P</collectionName>
              </collection>
              <collection>
                  <parentCollectionIdentifier>ICN-MHN</parentCollectionIdentifier>
                  <collectionIdentifier>Registro Nacional de Colecciones Biológicas: 5</collectionIdentifier>
                <collectionName>Colección de Zoología del Instituto de Ciencias Naturales de la Universidad Nacional de Colombia</collectionName>
              </collection>
              <collection>
                  <parentCollectionIdentifier>IMCN</parentCollectionIdentifier>
                  <collectionIdentifier>Registro Nacional de Colecciones Biológicas: 52</collectionIdentifier>
                <collectionName>Colecciones Zoológicas de Referencia Cientifíca - IMCN</collectionName>
              </collection>
              <collection>
                  <parentCollectionIdentifier>MPUJ</parentCollectionIdentifier>
                  <collectionIdentifier>Registro Nacional de Colecciones Biológicas: 12</collectionIdentifier>
                <collectionName>Colección de Peces Pontificia Universidad Javeriana - MPUJ</collectionName>
              </collection>
                <specimenPreservationMethod>alcohol</specimenPreservationMethod>
            <jgtiCuratorialUnit>
                <jgtiUnitType>Lote</jgtiUnitType>
                <jgtiUnitRange>
                  <beginRange>1</beginRange>
                  <endRange>10000</endRange>
                </jgtiUnitRange>
            </jgtiCuratorialUnit>
          <dc:replaces>7e3a2242-46d6-4b90-b80c-42c5d27ed93b/v2.12.xml</dc:replaces>
      </gbif>
    </metadata>
  </additionalMetadata>
</eml:eml>
