<archive xmlns="http://rs.tdwg.org/dwc/text/" metadata="eml.xml">
  <core encoding="UTF-8" fieldsTerminatedBy="\t" linesTerminatedBy="\n" fieldsEnclosedBy="" ignoreHeaderLines="1" rowType="http://rs.tdwg.org/dwc/terms/Taxon">
    <files>
      <location>taxon.txt</location>
    </files>
    <id index="0" />
    <field index="1" term="http://rs.tdwg.org/dwc/terms/taxonID"/>
    <field index="2" term="http://rs.tdwg.org/dwc/terms/scientificNameID"/>
    <field index="3" term="http://rs.tdwg.org/dwc/terms/scientificName"/>
    <field index="4" term="http://rs.tdwg.org/dwc/terms/namePublishedIn"/>
    <field index="5" term="http://rs.tdwg.org/dwc/terms/higherClassification"/>
    <field index="6" term="http://rs.tdwg.org/dwc/terms/kingdom"/>
    <field index="7" term="http://rs.tdwg.org/dwc/terms/phylum"/>
    <field index="8" term="http://rs.tdwg.org/dwc/terms/class"/>
    <field index="9" term="http://rs.tdwg.org/dwc/terms/order"/>
    <field index="10" term="http://rs.tdwg.org/dwc/terms/family"/>
    <field index="11" term="http://rs.tdwg.org/dwc/terms/genus"/>
    <field index="12" term="http://rs.tdwg.org/dwc/terms/specificEpithet"/>
    <field index="13" term="http://rs.tdwg.org/dwc/terms/taxonRank"/>
    <field index="14" term="http://rs.tdwg.org/dwc/terms/verbatimTaxonRank"/>
    <field index="15" term="http://rs.tdwg.org/dwc/terms/scientificNameAuthorship"/>
    <field index="16" term="http://rs.tdwg.org/dwc/terms/taxonRemarks"/>
  </core>
  <extension encoding="UTF-8" fieldsTerminatedBy="\t" linesTerminatedBy="\n" fieldsEnclosedBy="" ignoreHeaderLines="1" rowType="http://rs.gbif.org/terms/1.0/TypesAndSpecimen">
    <files>
      <location>typesandspecimen.txt</location>
    </files>
    <coreid index="0" />
    <field index="1" term="http://purl.org/dc/terms/bibliographicCitation"/>
    <field index="2" term="http://rs.tdwg.org/dwc/terms/catalogNumber"/>
  </extension>
  <extension encoding="UTF-8" fieldsTerminatedBy="\t" linesTerminatedBy="\n" fieldsEnclosedBy="" ignoreHeaderLines="1" rowType="http://rs.gbif.org/terms/1.0/Distribution">
    <files>
      <location>distribution.txt</location>
    </files>
    <coreid index="0" />
    <field index="1" term="http://rs.tdwg.org/dwc/terms/locality"/>
    <field index="2" term="http://rs.tdwg.org/dwc/terms/countryCode"/>
    <field index="3" term="http://iucn.org/terms/threatStatus"/>
    <field index="4" term="http://rs.tdwg.org/dwc/terms/establishmentMeans"/>
  </extension>
  <extension encoding="UTF-8" fieldsTerminatedBy="\t" linesTerminatedBy="\n" fieldsEnclosedBy="" ignoreHeaderLines="1" rowType="http://rs.gbif.org/terms/1.0/Description">
    <files>
      <location>description.txt</location>
    </files>
    <coreid index="0" />
    <field index="1" term="http://purl.org/dc/terms/description"/>
    <field index="2" term="http://purl.org/dc/terms/type"/>
  </extension>
  <extension encoding="UTF-8" fieldsTerminatedBy="\t" linesTerminatedBy="\n" fieldsEnclosedBy="" ignoreHeaderLines="1" rowType="http://rs.gbif.org/terms/1.0/SpeciesProfile">
    <files>
      <location>speciesprofile.txt</location>
    </files>
    <coreid index="0" />
    <field index="1" term="http://rs.gbif.org/terms/1.0/isFreshwater"/>
  </extension>
</archive>
